full_trajectory_uncertainty,id_0,id_1,id_2,id_3,x0,y0,x1,y1,x2,y2,x3,y3,p0_1,p1_2,p2_3,p0-2,p0-3,p1-3,nr_cells0,nr_cells1,nr_cells2,nr_cells3
0.567,13,13,3391,3391,103.883,12.113,106.137,12.714,115.348,29.232,118.658,23.569,0.784,0.125,0.791,0.454,0.567,0.458,1,1,1,1
0.57,148,4732,4732,4732,336.773,10.786,292.423,36.406,294.07,37.084,296.694,37.825,0.063,0.853,0.794,0.458,0.57,0.823,1,1,1,1
0.543,227,2226,2226,2226,482.344,10.653,486.891,48.475,487.162,48.258,486.57,47.484,0.025,0.841,0.763,0.433,0.543,0.802,0,1,1,1
0.467,320,320,1521,1521,97.032,13.376,99.476,15.348,63.788,11.81,62.611,12.988,0.813,0.04,0.548,0.426,0.467,0.294,0,0,0,0
0.327,374,374,374,153,487.441,67.038,484.219,71.766,486.083,72.332,430.238,20.596,0.381,0.509,0.091,0.445,0.327,0.3,0,0,0,0
0.526,445,4085,4085,4085,489.735,76.42,439.497,42.808,432.53,45.352,433.086,44.604,0.081,0.862,0.635,0.472,0.526,0.749,0,0,0,0
0.496,479,479,1465,1465,159.276,15.24,159.301,14.397,173.864,97.052,177.149,79.775,0.828,0.045,0.616,0.437,0.496,0.331,0,0,0,0
0.378,496,4109,4109,4109,15.452,304.103,30.562,334.876,38.982,335.082,31.008,332.684,0.078,0.532,0.523,0.305,0.378,0.527,0,0,0,0
0.547,727,727,4788,4788,140.54,12.289,139.576,10.865,136.304,21.74,127.8,17.925,0.893,0.104,0.642,0.499,0.547,0.373,0,0,0,0
0.562,764,764,764,577,172.409,30.866,172.659,25.81,168.377,22.919,224.681,57.532,0.801,0.742,0.142,0.772,0.562,0.442,0,0,0,0
0.266,848,848,848,848,233.265,191.231,253.364,190.525,272.075,177.604,270.312,189.88,0.184,0.239,0.375,0.212,0.266,0.307,0,0,0,0
0.617,914,914,3503,3503,160.012,488.78,156.797,489.48,148.082,437.43,149.561,435.025,0.832,0.113,0.905,0.473,0.617,0.509,0,0,0,0
0.557,927,1564,1564,1564,488.474,106.644,460.318,112.808,462.51,115.206,462.51,115.206,0.062,0.845,0.764,0.454,0.557,0.805,0,0,0,0
0.341,1029,1029,1029,1029,76.495,418.351,76.495,418.351,75.274,419.566,75.249,419.677,0.443,0.326,0.254,0.385,0.341,0.29,0,0,0,0
0.434,1104,1104,1565,1565,13.949,125.674,13.949,125.674,119.067,81.119,108.907,83.684,0.794,0.069,0.438,0.432,0.434,0.254,0,0,0,0
0.567,1123,1123,5189,5189,10.679,105.002,10.679,105.002,11.536,124.947,10.123,125.392,0.888,0.059,0.755,0.473,0.567,0.407,0,0,0,0
0.56,1153,1153,1153,5449,10.155,252.601,13.834,243.652,13.752,243.522,43.472,305.839,0.791,0.859,0.029,0.825,0.56,0.444,0,0,0,1
0.285,1207,3579,3579,3579,17.788,280.8,37.452,344.372,38.136,346.628,37.603,347.592,0.059,0.441,0.355,0.25,0.285,0.398,0,0,0,0
0.477,1213,5769,5769,5769,10.152,143.49,69.321,144.503,59.286,140.455,60.749,145.24,0.073,0.619,0.74,0.346,0.477,0.679,0,0,0,0
0.388,1237,1719,1719,5136,488.241,41.072,487.044,17.186,487.427,20.112,489.339,66.358,0.183,0.901,0.079,0.542,0.388,0.49,0,0,0,0
0.554,1238,1238,1238,486,166.61,28.926,166.941,26.748,162.753,19.894,148.392,12.757,0.811,0.774,0.078,0.793,0.554,0.426,0,0,0,2
0.594,1304,1304,1304,5416,12.166,245.612,15.792,238.192,15.671,238.049,23.41,261.027,0.843,0.832,0.107,0.837,0.594,0.469,0,0,0,0
0.527,1331,1331,4648,4648,13.817,289.747,15.017,294.937,70.959,297.403,76.418,293.201,0.695,0.113,0.775,0.404,0.527,0.444,0,0,0,0
0.509,1386,432,432,432,153.538,14.401,161.242,27.824,153.105,25.327,149.986,18.524,0.069,0.701,0.757,0.385,0.509,0.729,0,1,1,1
0.389,1422,1422,1422,13,88.911,27.928,87.145,21.007,90.308,10.667,106.201,18.212,0.397,0.682,0.087,0.54,0.389,0.385,0,0,0,1
0.407,1537,1537,1537,3481,119.126,18.502,117.073,13.811,144.177,13.014,104.14,11.975,0.369,0.632,0.22,0.5,0.407,0.426,1,1,1,0
0.399,1539,1539,1539,1539,164.788,192.154,167.668,178.22,200.546,156.272,257.122,147.582,0.414,0.415,0.368,0.414,0.399,0.392,0,0,0,0
0.545,1580,1580,1580,3728,257.922,13.512,256.339,10.21,256.27,10.09,265.317,38.857,0.787,0.732,0.116,0.759,0.545,0.424,0,0,0,0
0.549,1589,4166,4166,4166,489.354,255.408,489.238,266.284,489.169,266.317,489.169,266.317,0.09,0.791,0.766,0.441,0.549,0.779,0,0,0,0
0.389,1621,1621,1621,1621,402.731,121.45,404.152,129.954,387.501,147.64,383.354,151.786,0.376,0.367,0.425,0.372,0.389,0.396,0,0,0,0
0.49,1839,1839,1839,5781,128.312,15.668,129.085,16.363,130.059,13.505,123.421,55.293,0.717,0.667,0.086,0.692,0.49,0.377,0,0,0,0
0.517,1845,3049,3049,3049,282.222,10.111,218.261,44.101,217.069,38.64,210.861,34.534,0.069,0.749,0.733,0.409,0.517,0.741,0,0,0,0
0.568,2436,2436,1296,1296,92.177,23.336,87.036,15.288,78.586,52.972,78.259,53.849,0.834,0.116,0.753,0.475,0.568,0.434,0,0,0,0
0.53,2449,4540,4540,4540,483.589,36.116,475.385,13.718,468.857,14.433,468.859,14.745,0.098,0.75,0.741,0.424,0.53,0.746,0,0,0,0
0.546,2488,1690,1690,1690,461.167,12.161,434.701,25.374,432.589,26.641,432.423,25.969,0.037,0.804,0.798,0.421,0.546,0.801,0,0,0,0
0.602,2594,2260,2260,2260,483.903,217.73,486.176,241.136,485.393,241.155,485.393,241.155,0.103,0.834,0.868,0.469,0.602,0.851,0,0,0,0
0.329,2673,1828,5524,5524,206.398,489.099,226.55,488.1,215.99,487.171,215.928,486.04,0.096,0.057,0.834,0.077,0.329,0.445,0,0,0,0
0.561,2677,2226,2226,2226,489.138,34.578,486.891,48.475,487.162,48.258,486.57,47.484,0.077,0.841,0.763,0.459,0.561,0.802,0,1,1,1
0.501,2680,5645,5645,5645,489.743,163.313,439.806,197.759,441.112,192.47,445.111,194.047,0.076,0.587,0.84,0.332,0.501,0.714,0,0,0,0
0.539,2711,2711,2788,2788,84.718,16.047,83.461,10.72,72.021,13.952,68.096,11.093,0.709,0.054,0.855,0.381,0.539,0.454,0,0,0,0
0.348,2723,2723,2723,2723,286.728,136.906,286.805,127.887,288.069,127.247,298.255,115.821,0.322,0.365,0.358,0.344,0.348,0.362,0,0,0,0
0.504,2788,2740,2740,2740,78.008,12.332,68.276,28.272,68.006,28.695,67.946,29.515,0.12,0.65,0.744,0.385,0.504,0.697,0,0,0,0
0.336,2844,1537,1537,3481,116.532,12.273,117.073,13.811,144.177,13.014,104.14,11.975,0.155,0.632,0.22,0.394,0.336,0.426,0,1,1,0
0.532,2853,220,220,220,470.166,16.515,442.301,31.242,439.064,27.923,437.917,27.829,0.061,0.739,0.794,0.4,0.532,0.767,0,1,1,1
0.285,2871,4597,4597,5334,306.686,10.497,237.945,10.902,237.945,10.902,236.781,13.914,0.081,0.622,0.151,0.352,0.285,0.387,0,0,0,0
0.584,2887,2887,2887,3938,169.827,18.458,168.641,18.16,171.476,12.81,176.342,26.787,0.851,0.797,0.104,0.824,0.584,0.451,0,0,0,0
0.346,2990,2990,2990,2990,304.052,221.982,323.987,223.321,332.948,210.084,333.498,208.631,0.3,0.333,0.404,0.316,0.346,0.368,0,0,0,0
0.568,3069,3069,1586,1586,142.571,17.721,143.355,13.76,203.578,10.484,225.625,10.687,0.858,0.356,0.489,0.607,0.568,0.423,1,1,1,1
0.583,3144,3144,5919,5919,12.19,451.48,10.175,451.81,32.261,468.442,32.382,468.827,0.824,0.065,0.86,0.445,0.583,0.462,0,0,0,0
0.561,3216,2226,2226,2226,485.024,79.839,486.891,48.475,487.162,48.258,486.57,47.484,0.079,0.841,0.763,0.46,0.561,0.802,0,1,1,1
0.265,3283,3702,4421,4421,489.458,117.25,489.593,73.965,489.565,143.549,489.565,143.549,0.097,0.049,0.649,0.073,0.265,0.349,0,0,0,0
0.553,3300,3300,1431,1431,487.542,13.227,486.673,11.352,475.671,13.306,476.118,12.959,0.746,0.097,0.815,0.422,0.553,0.456,0,0,1,1
0.452,3318,3318,3318,3318,20.368,386.479,13.036,387.287,11.931,383.969,10.51,383.213,0.462,0.449,0.444,0.455,0.452,0.446,0,0,0,0
0.259,3392,3392,3780,3255,12.661,394.729,11.604,401.785,15.112,355.457,25.29,324.256,0.581,0.119,0.078,0.35,0.259,0.098,0,0,0,0
0.473,3481,3481,2844,2844,117.844,23.753,115.964,19.504,104.241,12.66,102.194,15.913,0.525,0.15,0.743,0.338,0.473,0.446,0,0,0,0
0.365,3579,3579,3579,3579,39.932,341.15,37.452,344.372,38.136,346.628,37.603,347.592,0.3,0.441,0.355,0.371,0.365,0.398,0,0,0,0
0.478,3600,3600,5103,5103,14.182,111.244,14.182,111.244,29.141,129.541,26.674,127.805,0.603,0.071,0.758,0.337,0.478,0.415,0,0,0,0
0.516,3671,3671,3671,1521,31.045,11.891,31.045,11.891,30.678,11.483,62.611,12.988,0.824,0.615,0.109,0.72,0.516,0.362,0,0,0,0
0.326,3868,4844,4844,1966,14.66,389.284,14.458,351.987,11.27,359.802,14.569,354.429,0.173,0.637,0.167,0.405,0.326,0.402,0,0,0,0
0.52,4171,4171,3381,3381,246.378,487.707,246.616,487.928,216.149,473.643,216.359,472.213,0.83,0.042,0.689,0.436,0.52,0.365,0,0,1,1
0.525,4216,4442,4442,4442,79.112,488.909,75.963,471.867,75.952,471.971,76.986,476.229,0.01,0.792,0.772,0.401,0.525,0.782,0,0,0,0
0.491,4252,4252,4252,1350,19.775,236.456,21.556,237.09,21.068,235.615,20.369,215.867,0.71,0.658,0.107,0.684,0.491,0.382,0,0,0,0
0.524,4306,5297,5297,5297,488.251,232.851,474.484,233.76,475.211,234.879,475.211,234.879,0.056,0.638,0.879,0.347,0.524,0.759,0,0,0,0
0.566,4465,4465,4465,5994,25.447,10.372,25.447,10.372,25.053,10.068,16.68,10.082,0.834,0.784,0.081,0.809,0.566,0.432,0,0,0,0
0.564,4469,4469,4469,4226,219.643,19.615,219.643,19.615,219.643,19.615,199.125,10.289,0.777,0.732,0.183,0.754,0.564,0.457,0,0,0,0
0.323,4514,4514,4514,4514,152.05,80.904,155.079,82.444,155.686,74.678,160.989,83.81,0.38,0.254,0.336,0.317,0.323,0.295,0,0,0,0
0.449,4597,4597,4597,5334,237.945,10.902,237.945,10.902,237.945,10.902,236.781,13.914,0.575,0.622,0.151,0.598,0.449,0.387,0,0,0,0
0.248,4667,3702,4421,4421,466.829,11.771,489.593,73.965,489.565,143.549,489.565,143.549,0.046,0.049,0.649,0.048,0.248,0.349,0,0,0,0
0.516,4786,4786,5551,5551,487.923,47.492,486.977,41.684,477.916,32.164,478.292,32.587,0.812,0.068,0.667,0.44,0.516,0.367,0,0,1,1
0.365,4802,4802,5952,465,122.676,14.199,122.862,14.295,43.006,13.099,52.101,18.821,0.863,0.133,0.098,0.498,0.365,0.116,0,0,0,0
0.421,4812,4812,4812,3155,18.9,333.008,11.632,322.306,11.708,323.711,14.124,402.254,0.637,0.549,0.076,0.593,0.421,0.312,0,0,0,0
0.39,4813,4011,4011,4011,486.652,212.622,487.397,202.37,487.196,201.126,487.196,201.126,0.016,0.631,0.523,0.324,0.39,0.577,0,1,1,1
0.358,4863,4863,2380,2380,161.784,187.622,179.352,160.988,111.318,124.898,118.367,135.183,0.654,0.054,0.365,0.354,0.358,0.21,0,0,0,0
0.541,4874,4874,3219,3219,133.791,12.972,133.791,12.972,112.16,23.894,113.03,18.88,0.819,0.067,0.738,0.443,0.541,0.402,0,0,0,0
0.448,4894,4894,1431,1431,478.598,33.12,483.861,30.401,475.671,13.306,476.118,12.959,0.475,0.055,0.815,0.265,0.448,0.435,0,0,1,1
0.543,4999,50,50,50,489.669,218.816,486.159,229.527,485.261,231.195,485.261,231.195,0.103,0.708,0.819,0.406,0.543,0.764,0,0,0,0
0.309,5202,5202,3780,3255,10.085,439.61,10.398,441.294,15.112,355.457,25.29,324.256,0.806,0.042,0.078,0.424,0.309,0.06,0,0,0,0
0.458,5252,5252,5252,30,11.315,174.709,11.299,174.73,11.298,174.73,19.573,167.94,0.67,0.654,0.05,0.662,0.458,0.352,0,0,0,0
0.463,5259,2496,2496,2496,332.424,14.624,355.395,43.306,362.82,45.097,362.797,46.041,0.055,0.635,0.698,0.345,0.463,0.667,1,0,0,0
0.543,5267,5267,5267,727,194.824,15.883,195.107,15.911,198.971,14.007,158.065,10.246,0.789,0.727,0.113,0.758,0.543,0.42,0,0,0,0
0.581,5358,3342,3342,3342,12.625,278.246,13.736,274.518,13.836,274.472,14.08,274.007,0.077,0.861,0.804,0.469,0.581,0.832,0,0,0,0
0.554,5458,632,632,632,489.714,28.814,432.659,10.924,432.985,10.515,432.5,10.149,0.067,0.846,0.749,0.457,0.554,0.798,0,0,0,0
0.432,5521,5521,5521,3117,11.578,167.397,11.319,167.181,11.213,167.092,46.618,156.475,0.487,0.752,0.057,0.62,0.432,0.405,1,1,1,1
0.533,5529,3882,3882,3882,484.005,253.165,480.784,244.582,480.86,244.774,480.86,244.774,0.021,0.846,0.73,0.434,0.533,0.788,0,0,0,0
0.464,5692,5692,5692,5692,412.485,445.513,411.928,445.083,411.928,445.083,411.928,445.083,0.439,0.37,0.582,0.404,0.464,0.476,1,1,1,1
0.515,5765,1457,1457,1457,287.761,11.83,283.935,18.007,284.17,18.213,284.387,18.704,0.085,0.8,0.658,0.443,0.515,0.729,0,0,0,0
0.519,5844,5844,5844,3423,12.737,161.714,12.772,161.566,12.787,161.509,24.448,155.968,0.743,0.731,0.083,0.737,0.519,0.407,0,0,0,0
0.558,5952,5952,5952,465,58.978,21.571,54.92,18.882,43.006,13.099,52.101,18.821,0.848,0.729,0.098,0.788,0.558,0.414,0,0,0,0
0.46,5973,4016,4016,4016,482.633,42.608,482.433,24.632,486.242,25.921,486.201,25.835,0.027,0.66,0.694,0.344,0.46,0.677,0,0,0,0
